Date,Open,High,Low,Close,Volume
2015/1/5,140.5,140.5,137.5,139.5,32046000
2015/1/6,137.5,137.5,133,133.5,66778000
2015/1/7,133.5,135,133.5,134,43703000
2015/1/8,136.5,138,136,138,42491000
2015/1/9,135,135.5,133,134,61558000
2015/1/12,132.5,133.5,132,132,30338000
2015/1/13,131,133,130.5,132.5,37818000
2015/1/14,132.5,133,130,130,48740000
2015/1/15,131.5,133,131.5,131.5,40607000
2015/1/16,140,140,136,137,124042000
2015/1/19,138.5,139.5,137.5,139,49986000
2015/1/20,139,139,137.5,138,32739000
2015/1/21,139.5,141,139.5,141,70464000
2015/1/22,141.5,142,139.5,140,43846000
2015/1/23,142.5,145,142.5,145,82089000
2015/1/26,145.5,145.5,143.5,145,46716000
2015/1/27,145.5,147,144.5,147,52805000
2015/1/28,146.5,147,145.5,146.5,45898000
2015/1/29,144,145,143,143.5,34459000
2015/1/30,145,145.5,141,141,43666000
2015/2/2,140.5,143,140.5,142.5,29181000
2015/2/3,143,144.5,142,144.5,27160000
2015/2/4,144.5,146.5,144,146,40416000
2015/2/5,145.5,146,143.5,145.5,23363000
2015/2/6,145.5,145.5,143,143,27301000
2015/2/9,143,143.5,141.5,142,26315000
2015/2/10,142,143,141.5,142.5,33294000
2015/2/11,146,149,146,148,71259000
2015/2/12,149.5,149.5,147.5,148.5,33577000
2015/2/13,148.5,150,148,148.5,37815000
2015/2/24,149,152,148.5,151,72531000
2015/2/25,152.5,154.5,152.5,154.5,48183000
2015/2/26,153.5,154,150.5,150.5,55574000
2015/3/2,151.5,153,148.5,149,41388000
2015/3/3,150,151,148.5,150.5,29134000
2015/3/4,150,151.5,149,150.5,32627000
2015/3/5,150,151,148.5,150,28872000
2015/3/6,149,149.5,148.5,149,31316000
2015/3/9,147.5,147.5,145,145.5,67163000
2015/3/10,145,145,144,144,46809000
2015/3/11,143.5,148,143,146,51795000
2015/3/12,147,148.5,146.5,148,32183000
2015/3/13,148,149.5,147,149,45451000
2015/3/16,149,149.5,146,146,36912000
2015/3/17,148.5,150,148.5,149,55718000
2015/3/18,151,154,150,153.5,70808000
2015/3/19,152.5,155,152.5,154,43070000
2015/3/20,151.5,154,151.5,154,37536000
2015/3/23,154,154,152.5,153.5,26285000
2015/3/24,153.5,153.5,151.5,151.5,36086000
2015/3/25,152,152.5,150.5,151,44424000
2015/3/26,145.5,147,144.5,145.5,157081000
2015/3/27,144,145.5,142.5,142.5,106610000
2015/3/30,142.5,144,142,142.5,59832000
2015/3/31,144,145.5,143,145.5,56539000
2015/4/1,145,145,143.5,144,38697000
2015/4/2,145,148,144.5,147,49213000
2015/4/7,146.5,147.5,145,146,33362000
2015/4/8,145.5,146,143,143,47500000
2015/4/9,144,145.5,143,143,46493000
2015/4/10,146,147,145,147,33819000
2015/4/13,146.5,147.5,146,147,23821000
2015/4/14,145,145.5,143.5,144,41528000
2015/4/15,143.5,144.5,141.5,143,71481000
2015/4/16,145,147,144.5,147,54354000
2015/4/17,143,144,142.5,142.5,76708000
2015/4/20,142,144,141.5,143,34341000
2015/4/21,142,143.5,141.5,142.5,36209000
2015/4/22,143.5,145,143,143.5,40606000
2015/4/23,145.5,147,145,147,46931000
2015/4/24,149,152.5,148.5,152.5,122689000
2015/4/27,153,153,150,151.5,57529000
2015/4/28,153.5,153.5,150.5,151.5,43177000
2015/4/29,150,151,148,148.5,37363000
2015/4/30,147,148.5,146.5,147,48913000
2015/5/4,148.5,148.5,146,147.5,30811000
2015/5/5,147.5,148,146,147,27559000
2015/5/6,145.5,148,145.5,147.5,18784000
2015/5/7,146,147.5,146,146.5,21826000
2015/5/8,146,147.5,146,146.5,19987000
2015/5/11,149,149,147,148.5,20326000
2015/5/12,147,148.5,147,147.5,20509000
2015/5/13,147.5,149,147,148,18844000
2015/5/14,148,148.5,146,146,38700000
2015/5/15,147,147,145,146.5,24295000
2015/5/18,147,147,145,146.5,22879000
2015/5/19,145.5,147.5,145,146.5,26257000
2015/5/20,146.5,147,146,146.5,26920000
2015/5/21,146,146.5,144.5,145.5,40819000
2015/5/22,146,147,145,145.5,22074000
2015/5/25,146.5,147.5,145.5,147.5,16253000
2015/5/26,148.5,148.5,146.5,146.5,15545000
2015/5/27,145.5,147,145,145,23825000
2015/5/28,147,147.5,146,147,35891000
2015/5/29,147,147.5,145.5,146,56616000
2015/6/1,145.5,146,144,145,31570000
2015/6/2,144.5,144.5,143.5,144,33317000
2015/6/3,143.5,144.5,143,143,29870000
2015/6/4,142,142.5,140,141,58172000
2015/6/5,139.5,140.5,139,140,42648000
2015/6/8,139.5,140,138.5,138.5,45469000
2015/6/9,138.5,140,138,139,31575000
2015/6/10,141,141.5,139.5,139.5,37077000
2015/6/11,141,144,141,143.5,44613000
2015/6/12,144,144.5,142.5,144.5,31448000
2015/6/15,144.5,144.5,142.5,143,23608000
2015/6/16,143,143,141,142,27272000
2015/6/17,143,143.5,142,142.5,31326000
2015/6/18,142,143,142,142,28591000
2015/6/22,142,143.5,142,142,28278000
2015/6/23,143,145,142.5,144.5,37230000
2015/6/24,144.5,145,143.5,145,18555000
2015/6/25,145,147,145,146.5,43496000
2015/6/26,147,147.5,145.5,146,33561000
2015/6/29,140.5,141,138.5,138.5,53014000
2015/6/30,139,140.5,138.5,140.5,45261000
2015/7/1,140,142.5,139,141,32546000
2015/7/2,140.5,142,140.5,141.5,23908000
2015/7/3,141.5,142.5,140,142.5,16093000
2015/7/6,141,141.5,140.5,140.5,20617000
2015/7/7,141,142,140.5,140.5,26349000
2015/7/8,140.5,141,138,138,51986000
2015/7/9,134,138,134,136.5,53233000
2015/7/10,136.5,136.5,136.5,136.5,0
2015/7/13,137,139.5,137,138.5,34518000
2015/7/14,139.5,140.5,138,138.5,27536000
2015/7/15,139,139.5,138,138.5,23295000
2015/7/16,140,140,135.5,136.5,36999000
2015/7/17,138,140,138,140,55781000
2015/7/20,141.5,142,138.5,139,27655000
2015/7/21,141,141.5,139.5,140.5,19431000
2015/7/22,139,139.5,138,139,24620000
2015/7/23,137,137.5,136,136,36389000
2015/7/24,138,138,136,137,38194000
2015/7/27,135,135.5,134,134,43371000
2015/7/28,135,136.5,134,134,34219000
2015/7/29,135,136,134.5,135.5,29871000
2015/7/30,136,139,136,138.5,36097000
2015/7/31,140.5,140.5,137.5,139.5,39992000
2015/8/3,138.5,138.5,134.5,134.5,33631000
2015/8/4,135,136.5,134.5,136.5,26546000
2015/8/5,135.5,135.5,134,134,28491000
2015/8/6,136,136,132,134,38414000
2015/8/7,133,133.5,131.5,133,30554000
2015/8/10,131,131,125.5,129,63646000
2015/8/11,133.5,133.5,130.5,130.5,64344000
2015/8/12,129.5,130,127.5,128.5,41642000
2015/8/13,129,130,127.5,128,35943000
2015/8/14,128,128.5,125,126,39413000
2015/8/17,125.5,125.5,123,124,37847000
2015/8/18,125,126.5,125,126,40722000
2015/8/19,127.5,127.5,124,125,41301000
2015/8/20,124.5,126,123.5,126,38012000
2015/8/21,123,124.5,121,121,59694000
2015/8/24,120,121,112.5,115,116158000
2015/8/25,118,124,117.5,123.5,94960000
2015/8/26,121,124.5,119.5,122.5,64879000
2015/8/27,125,125,122,124,53388000
2015/8/28,127,127,124.5,125,41466000
2015/8/31,126,129,123.5,129,56941000
2015/9/1,127.5,127.5,124,124,42340000
2015/9/2,123,127,123,125.5,36973000
2015/9/3,127.5,127.5,125,127,24004000
2015/9/4,126.5,127,123.5,125,22006000
2015/9/7,124.5,126,122,122.5,25891000
2015/9/8,122.5,123.5,122,123,15090000
2015/9/9,126.5,129,126.5,129,53588000
2015/9/10,127,128,125,125,32912000
2015/9/11,125.5,127.5,124,127.5,20525000
2015/9/14,128,129,126,127.5,25508000
2015/9/15,127.5,128,125.5,126,21658000
2015/9/16,128,130,127.5,129.5,39923000
2015/9/17,130.5,131.5,130,131,49472000
2015/9/18,129.5,131.5,129,131.5,31937000
2015/9/21,130,130,128.5,129.5,29930000
2015/9/22,130,130,128.5,129,17636000
2015/9/23,127,127.5,124.5,124.5,32905000
2015/9/24,127,128,125.5,127,43432000
2015/9/25,127,127.5,125,127,24630000
2015/9/29,127,127,127,127,0
2015/9/30,128,131,127,130,67112000
2015/10/1,131,134,129.5,133.5,49600000
2015/10/2,132.5,132.5,131.5,132,25216000
2015/10/5,133,133.5,131.5,132.5,30276000
2015/10/6,135,135.5,132.5,133,48613000
2015/10/7,133.5,135,133,135,31784000
2015/10/8,137,137,135,136,31144000
2015/10/12,137,139,136.5,138.5,46971000
2015/10/13,138.5,138.5,136,137.5,36108000
2015/10/14,136.5,137.5,136,136.5,18007000
2015/10/15,139,141,139,140,57142000
2015/10/16,137,137.5,136,137.5,36196000
2015/10/19,138.5,139,137,138,26150000
2015/10/20,139,139,137.5,139,27462000
2015/10/21,139.5,140,137.5,138.5,17976000
2015/10/22,138,138.5,137,137.5,15149000
2015/10/23,140,140.5,139,140,35644000
2015/10/26,140.5,140.5,139,140,24382000
2015/10/27,138.5,140,137.5,139,26012000
2015/10/28,137,139,137,138,22522000
2015/10/29,139,139.5,136.5,136.5,20428000
2015/10/30,137,137.5,136,136.5,27844000
2015/11/2,138.5,138.5,135.5,137.5,21663000
2015/11/3,138.5,140,138,139.5,33082000
2015/11/4,141.5,144.5,141,144.5,75144000
2015/11/5,144,144.5,142.5,142.5,35773000
2015/11/6,144,144,139,140,45683000
2015/11/9,141,143,140.5,142,24833000
2015/11/10,141.5,141.5,139,139.5,23307000
2015/11/11,140.5,140.5,136.5,137.5,29412000
2015/11/12,138.5,139,138,138.5,16474000
2015/11/13,137.5,139,136,136,21639000
2015/11/16,134,135.5,134,135,32110000
2015/11/17,138,140,137.5,138.5,28188000
2015/11/18,139.5,140,136.5,137,29074000
2015/11/19,138.5,140.5,138,140.5,27426000
2015/11/20,140.5,141,140,141,20271000
2015/11/23,141,141.5,140,141,17170000
2015/11/24,140,141.5,139.5,139.5,21843000
2015/11/25,139.5,141,138.5,141,27099000
2015/11/26,141,142.5,140,142.5,31976000
2015/11/27,143,143,139,139,23135000
2015/11/30,136.5,139,136,139,108490000
2015/12/1,140.5,142.5,138.5,142.5,46117000
2015/12/2,144,144,142,142.5,31609000
2015/12/3,141.5,143,141.5,142.5,18825000
2015/12/4,141,142.5,140.5,140.5,30869000
2015/12/7,142,144.5,142,143.5,40284000
2015/12/8,143.5,144,141,142.5,32173000
2015/12/9,142,142,140.5,140.5,26751000
2015/12/10,140.5,141.5,139,141,41414000
2015/12/11,141,142,139,139.5,29914000
2015/12/14,137.5,139.5,137.5,139,32656000
2015/12/15,139.5,140.5,138,138,23558000
2015/12/16,142,144,141,143.5,56401000
2015/12/17,144.5,145,143,145,34462000
2015/12/18,143,145,142,142,36298000
2015/12/21,141.5,142.5,140.5,141.5,26847000
2015/12/22,141,142,140.5,142,17085000
2015/12/23,141,143,140.5,141.5,18064000
2015/12/24,143,143.5,142,142,13471000
2015/12/25,142,143.5,142,143,6126000
2015/12/28,143.5,144,143,143.5,10797000
2015/12/29,143.5,144,141.5,142,12801000
2015/12/30,142.5,144,142,142.5,14578000
2015/12/31,142,144,141,143,18336000
2016/1/4,142.5,143.5,139,139.5,39169000
2016/1/5,139,140,137,138,46381000
2016/1/6,138,138,135,135.5,53617000
2016/1/7,134.5,135,130.5,133,62539000
2016/1/8,132,135,132,134,50123000
2016/1/11,133,134.5,130.5,133,48345000
2016/1/12,133,134,131.5,133,34688000
2016/1/13,133.5,135.5,133,133.5,37717000
2016/1/14,130.5,132,130.5,131.5,39253000
2016/1/15,137.5,138,135.5,137,79464000
2016/1/18,135,138,134.5,137,36757000
2016/1/19,137.5,138,136,138,23737000
2016/1/20,137.5,137.5,133.5,134.5,43839000
2016/1/21,134,136.5,134,135,31933000
2016/1/22,136.5,138.5,136,138.5,33889000
2016/1/25,140,140,139,139.5,27184000
2016/1/26,137.5,139,137,137.5,24049000
2016/1/27,139,139.5,138.5,139.5,24029000
2016/1/28,138,140.5,138,140,37867000
2016/1/29,138.5,143,138,143,55616000
2016/1/30,null,null,null,null,null
2016/2/1,144,144,141.5,144,40943000
2016/2/2,144,144.5,141.5,142.5,25380000
2016/2/3,145,146,144.5,146,70465000
2016/2/15,142,146.5,142,145,72875000
2016/2/16,146,148,145.5,147.5,55006000
2016/2/17,149,149,147,148,38453000
2016/2/18,150,151,149.5,151,61657000
2016/2/19,149,151,149,151,35668000
2016/2/22,149.5,152.5,149.5,151,27003000
2016/2/23,150.5,151,149,149.5,22302000
2016/2/24,149.5,150.5,147,148,22026000
2016/2/25,149,151,148.5,150.5,25202000
2016/2/26,151,151.5,148,149,37655000
2016/3/1,148.5,152,148.5,152,38629000
2016/3/2,154,154.5,153,153,36010000
2016/3/3,154,154.5,153,154,28822000
2016/3/4,153,153.5,151.5,152.5,32794000
2016/3/7,152.5,153.5,151,152,23906000
2016/3/8,151,152,149.5,152,35683000
2016/3/9,152,153,150.5,153,24004000
2016/3/10,153,154.5,151.5,154.5,28302000
2016/3/11,154.5,155,153,155,29566000
2016/3/14,156.5,157.5,155.5,156,32751000
2016/3/15,155,156.5,153,154.5,28689000
2016/3/16,155.5,156,154,156,30962000
2016/3/17,159.5,160,157.5,158.5,48193000
2016/3/18,158.5,159.5,158.5,159.5,55975000
2016/3/21,160,160,158,160,26100000
2016/3/22,159.5,159.5,157,158.5,25809000
2016/3/23,158.5,159.5,158,159.5,27478000
2016/3/24,158,159,157,158.5,24853000
2016/3/25,158.5,159,157,158,10175000
2016/3/28,158,159,157,159,15268000
2016/3/29,158.5,159.5,158,159,18977000
2016/3/30,158.5,162,158.5,161.5,43616000
2016/3/31,162,163,159,162,49433000
2016/4/1,161,161,157.5,158.5,31564000
2016/4/6,155.5,156,153.5,153.5,58134000
2016/4/7,155,155,152.5,154.5,35238000
2016/4/8,154,158,154,157.5,41032000
2016/4/11,156,159,155.5,158.5,21758000
2016/4/12,157.5,159.5,157.5,158.5,14859000
2016/4/13,160,162,159.5,161.5,39611000
2016/4/14,162,162.5,160,161.5,31338000
2016/4/15,157,160,156,159.5,48779000
2016/4/18,158,158.5,157.5,158,20279000
2016/4/19,160,161,157,157.5,26577000
2016/4/20,157.5,158,154,154,40996000
2016/4/21,156,157,154,157,29723000
2016/4/22,155.5,158,155,156.5,28990000
2016/4/25,156.5,157.5,156,157.5,14306000
2016/4/26,156.5,158.5,156.5,158,18119000
2016/4/27,156,157.5,155.5,156.5,28845000
2016/4/28,157.5,158,153,153,48915000
2016/4/29,151,151,149,150,66445000
2016/5/3,148,148.5,146.5,147.5,68550000
2016/5/4,147,149,146.5,147,52973000
2016/5/5,147.5,148.5,146,147.5,38269000
2016/5/6,148.5,148.5,147,148,36510000
2016/5/9,148.5,149,146.5,147.5,38478000
2016/5/10,147,148,146.5,147,29785000
2016/5/11,148.5,149,146.5,147,40057000
2016/5/12,147,148,146,146,23749000
2016/5/13,145,145.5,143,144,60038000
2016/5/16,143,145.5,143,144.5,31133000
2016/5/17,145.5,147,145,147,30277000
2016/5/18,146,147,145,147,31057000
2016/5/19,148,148.5,145.5,147,35132000
2016/5/20,147.5,149.5,147,148.5,36306000
2016/5/23,150.5,154.5,149.5,154,50127000
2016/5/24,152.5,153.5,151,151,24470000
2016/5/25,153.5,155,152.5,154.5,30719000
2016/5/26,154.5,155,153.5,155,17196000
2016/5/27,156,156.5,154.5,156.5,22992000
2016/5/30,157,158,155,157,36339000
2016/5/31,156.5,157.5,155,156.5,69656000
2016/6/1,156,159,156,159,26926000
2016/6/2,159,160,158,159,21977000
2016/6/3,159,160.5,159,160.5,31853000
2016/6/4,null,null,null,null,null
2016/6/6,161,162,160,161,28757000
2016/6/7,161.5,163.5,161,162,47046000
2016/6/8,164,166,163.5,165.5,45214000
2016/6/13,161,162.5,161,162,48750000
2016/6/14,161,163,161,162,27509000
2016/6/15,162,163,161,163,29270000
2016/6/16,161.5,162.5,159.5,160.5,24408000
2016/6/17,162.5,164.5,162,163,30633000
2016/6/20,164.5,165,163,163,24911000
2016/6/21,164,165.5,163.5,165.5,27970000
2016/6/22,164.5,166,163.5,166,30359000
2016/6/23,165.5,166,164,164,22494000
2016/6/24,164,164,154.5,159,86547000
2016/6/27,154.5,156,154,155.5,42874000
2016/6/28,155.5,157.5,155,157,1327000
2016/6/29,158.5,160,158,159,31514000
2016/6/30,161,163,159.5,162.5,42398000
2016/7/1,164.5,166,163.5,166,36212000
2016/7/4,165.5,166.5,164.5,166,25724000
2016/7/5,165,165.5,164,164,16346000
2016/7/6,163,163,160.5,161.5,34803000
2016/7/7,163.5,165,163,164.5,23769000
2016/7/8,164.5,164.5,164.5,164.5,0
2016/7/11,170,170.5,168.5,170,50643000
2016/7/12,171,171.5,169.5,171,41961000
2016/7/13,169.5,170,167,168.5,50653000
2016/7/14,167,170,167,169,34790000
2016/7/15,168,169.5,166.5,169.5,41546000
2016/7/18,168,170,168,169.5,24749000
2016/7/19,170.5,170.5,169,170.5,42456000
2016/7/20,170,170.5,169,170,38053000
2016/7/21,171,172,170,172,33130000
2016/7/22,172,172,170.5,171,28504000
2016/7/25,172,173,169,171.5,27145000
2016/7/26,172,173,171.5,173,32685000
2016/7/27,175,176,174.5,175,34117000
2016/7/28,175,176.5,173,176.5,31071000
2016/7/29,177,177,172.5,172.5,29795000
2016/8/1,175,177,174.5,177,34188000
2016/8/2,177.5,177.5,175.5,176,15250000
2016/8/3,172.5,174,172,172.5,21627000
2016/8/4,173,174.5,172.5,174.5,13612000
2016/8/5,175,177.5,174,177,25759000
2016/8/8,178,178,176.5,178,16200000
2016/8/9,178.5,179.5,177,178.5,16413000
2016/8/10,179,179.5,178,179.5,19279000
2016/8/11,177.5,178,175.5,176.5,28180000
2016/8/12,178.5,178.5,177,177.5,22947000
2016/8/15,178.5,179,177.5,179,12020000
2016/8/16,178,179,175,175.5,34260000
2016/8/17,177,177.5,176,177,21487000
2016/8/18,176,176.5,175,176,27253000
2016/8/19,177,177.5,174,174.5,23470000
2016/8/22,173,174,171.5,172.5,21337000
2016/8/23,174,175,173.5,175,20888000
2016/8/24,175,175.5,173.5,173.5,12092000
2016/8/25,175,177,174.5,176.5,23892000
2016/8/26,175,177,175,177,15076000
2016/8/29,175,177,174,176,16975000
2016/8/30,176,176.5,174,174,19471000
2016/8/31,176.5,177,174.5,176.5,38524000
2016/9/1,176,176,173,174,22692000
2016/9/2,176.5,176.5,174,174,16999000
2016/9/5,176.5,177.5,176.5,177,22381000
2016/9/6,177,179,176.5,178,26024000
2016/9/7,180.5,185,180,185,49761000
2016/9/8,182.5,184.5,182.5,183,30204000
2016/9/9,181,181,179.5,180.5,29793000
2016/9/10,null,null,null,null,null
2016/9/12,177.5,177.5,174,175.5,43036000
2016/9/13,176.5,176.5,173.5,175.5,36834000
2016/9/14,174,176,173.5,174,52877000
2016/9/19,179.5,183,178.5,183,57055000
2016/9/20,182,183.5,181.5,183.5,23641000
2016/9/21,181,184,180.5,184,25008000
2016/9/22,185,185.5,183.5,185,20980000
2016/9/23,185,187.5,184.5,187,23213000
2016/9/26,183.5,185,183,183.5,24225000
2016/9/27,183.5,183.5,183.5,183.5,0
2016/9/28,183.5,183.5,183.5,183.5,0
2016/9/29,185.5,187.5,185.5,187,54272000
2016/9/30,185.5,186.5,182.5,184,42592000
2016/10/3,186,186.5,184.5,186,17742000
2016/10/4,185,187,185,187,16859000
2016/10/5,186,186,184.5,186,19148000
2016/10/6,185,187.5,185,187.5,15524000
2016/10/7,188,188,186,188,15380000
2016/10/11,191,191,186,187.5,30294000
2016/10/12,186.5,190,186,189.5,22604000
2016/10/13,190.5,191,187,188.5,37642000
2016/10/14,187,189,186.5,188,33248000
2016/10/17,186.5,187.5,185,186.5,37340000
2016/10/18,186.5,187,185.5,187,38150000
2016/10/19,187.5,189.5,187.5,189.5,33272000
2016/10/20,189.5,190.5,189,190.5,13226000
2016/10/21,191,192,188.5,188.5,21936000
2016/10/24,191,191,189.5,191,13459000
2016/10/25,192,193,191,193,18878000
2016/10/26,190.5,192.5,190.5,191.5,21043000
2016/10/27,191.5,191.5,188.5,188.5,26231000
2016/10/28,189.5,190,188.5,189.5,24348000
2016/10/31,189,190.5,186.5,188.5,25330000
2016/11/1,188.5,189.5,187.5,189.5,14290000
2016/11/2,187.5,188,186,186,16488000
2016/11/3,185.5,186.5,184.5,184.5,25038000
2016/11/4,184.5,186,184,184.5,14860000
2016/11/7,186.5,189,186,189,21332000
2016/11/8,190,190,188,188.5,15437000
2016/11/9,190,190.5,182,182,55541000
2016/11/10,187,188,185.5,185.5,38234000
2016/11/11,181.5,183,181,181.5,67603000
2016/11/14,181,182,180,180.5,47989000
2016/11/15,179.5,182,179,180,33505000
2016/11/16,180.5,183,180,180,34833000
2016/11/17,182,182.5,180.5,181.5,22434000
2016/11/18,181.5,181.5,180,181,22474000
2016/11/21,180.5,181.5,180,181,15600000
2016/11/22,182,185,181.5,184,27599000
2016/11/23,184.5,186.5,184,185.5,22128000
2016/11/24,184,185,183,183,14980000
2016/11/25,182.5,183.5,182,182,10116000
2016/11/28,181.5,184,181.5,184,19096000
2016/11/29,183.5,185,182,182,24408000
2016/11/30,181.5,183,181.5,183,39671000
2016/12/1,182,183,181.5,183,13908000
2016/12/2,179,179.5,178,178,53836000
2016/12/5,178,180,178,179,29191000
2016/12/6,181,183,180.5,182,27309000
2016/12/7,183,183.5,181.5,181.5,14110000
2016/12/8,184,185.5,183,185.5,27257000
2016/12/9,186,186,184.5,186,24867000
2016/12/12,186,187,184,185,18796000
2016/12/13,186.5,186.5,184.5,186,23591000
2016/12/14,186.5,187.5,185.5,187.5,16571000
2016/12/15,185,187.5,184.5,187,22803000
2016/12/16,185.5,187,185,185,35985000
2016/12/19,184,184.5,182.5,182.5,20535000
2016/12/20,181,182.5,180,182.5,24139000
2016/12/21,181,182,180,180,29690000
2016/12/22,180,180.5,179,179,26269000
2016/12/23,179,180,178.5,178.5,22961000
2016/12/26,179,180,179,179.5,5675000
2016/12/27,180,180.5,179.5,180,8252000
2016/12/28,181,182,180.5,182,21226000
2016/12/29,180,181.5,180,180,30200000
2016/12/30,181,182.5,180,181.5,36610000
2017/1/3,181.5,183.5,181,183,22630000
2017/1/4,183,184,181.5,183,24369000
2017/1/5,182,183.5,181.5,183.5,20979000
2017/1/6,184,184.5,183.5,184,22443000
2017/1/9,184,185,183,184,18569000
2017/1/10,184.5,185.5,183.5,184,20198000
2017/1/11,185,185,181.5,182,29107000
2017/1/12,182.5,185.5,182.5,184.5,41130000
2017/1/13,180.5,182.5,180.5,181.5,52352000
2017/1/16,180,180.5,179,179.5,30756000
2017/1/17,180.5,181,179.5,181,13159000
2017/1/18,180.5,181,179.5,181,23693000
2017/1/19,179.5,181,179.5,180.5,24627000
2017/1/20,181,181.5,180.5,181,23429000
2017/1/23,182.5,185,182.5,185,36992000
2017/1/24,185,186.5,184.5,185.5,55022000
2017/2/2,188,188.5,184,184.5,94089000
2017/2/3,186,186,183.5,184.5,29518000
2017/2/6,184.5,185.5,184,184.5,24779000
2017/2/7,183.5,185,183,184.5,23616000
2017/2/8,183.5,184.5,183,183.5,29168000
2017/2/9,184,185.5,183.5,184,18967000
2017/2/10,184.5,185.5,184,185.5,34747000
2017/2/13,186.5,188,186.5,187.5,25124000
2017/2/14,189,190,187.5,187.5,45696000
2017/2/15,187,189.5,186.5,189,39347000
2017/2/16,190,190.5,188,189,27018000
2017/2/17,190,190.5,189,189.5,20389000
2017/2/18,null,null,null,null,null
2017/2/20,190,190.5,189.5,190,13254000
2017/2/21,190,190,188.5,190,31159000
2017/2/22,190.5,191,188.5,188.5,25677000
2017/2/23,188,189.5,187,188.5,35725000
2017/2/24,187.5,190.5,187.5,189,22766000
2017/3/1,188.5,188.5,186,186,46186000
2017/3/2,188,188.5,185,186,39980000
2017/3/3,184.5,185,184,184,28197000
2017/3/6,184,184.5,183.5,183.5,12531000
2017/3/7,184,185.5,184,185.5,18812000
2017/3/8,186,188,185.5,187,31791000
2017/3/9,185.5,186,184,184.5,28489000
2017/3/10,184,184.5,183,183.5,20053000
2017/3/13,185,186.5,185,186.5,10487000
2017/3/14,188,188,186,186,22245000
2017/3/15,185.5,187,185.5,186.5,14131000
2017/3/16,188,190,188,190,31507000
2017/3/17,189.5,191.5,189,191.5,33764000
2017/3/20,191.5,191.5,189.5,191.5,16215000
2017/3/21,192,195,191.5,195,32246000
2017/3/22,192.5,193.5,191.5,193.5,27396000
2017/3/23,192,193.5,192,193.5,18472000
2017/3/24,192,193,192,192.5,17541000
2017/3/27,194.5,194.5,192,193,29251000
2017/3/28,195,195,192.5,194.5,38259000
2017/3/29,194.5,194.5,191,191.5,33374000
2017/3/30,192.5,193,190.5,191.5,28302000
2017/3/31,191,192,189,189,33635000
2017/4/5,189.5,193,189.5,193,43748000
2017/4/6,193,193,191,191.5,16173000
2017/4/7,192,192,188.5,191,18911000
2017/4/10,191,191.5,189.5,190,17024000
2017/4/11,190,191,189,191,8441000
2017/4/12,190.5,191.5,190,191,17283000
2017/4/13,189.5,192,189.5,191.5,14771000
2017/4/14,189.5,189.5,188,189,30701000
2017/4/17,189,189,187.5,187.5,17096000
2017/4/18,188,189.5,187.5,188,25063000
2017/4/19,187.5,187.5,186.5,186.5,30477000
2017/4/20,186.5,188,186.5,187,21488000
2017/4/21,187.5,190,187.5,190,17373000
2017/4/24,191,191.5,188.5,190,19317000
2017/4/25,190.5,192,189.5,192,31932000
2017/4/26,192,192,190.5,191,29909000
2017/4/27,192,193,190.5,193,27940000
2017/4/28,193.5,194.5,193,194.5,34852000
2017/5/2,198.5,199,195.5,196.5,44119000
2017/5/3,198,198.5,197,198,25723000
2017/5/4,198.5,199,197,198,22088000
2017/5/5,197,198.5,197,197.5,17036000
2017/5/8,199,202.5,199,202.5,36538000
2017/5/9,205.5,207,203.5,203.5,48077000
2017/5/10,204,206,204,205.5,28312000
2017/5/11,204.5,208.5,204,207.5,43718000
2017/5/12,205,207,205,206,25009000
2017/5/15,204,206,204,206,25666000
2017/5/16,205,205,203.5,204.5,33224000
2017/5/17,203,204,203,204,21567000
2017/5/18,202.5,204,201.5,203.5,22461000
2017/5/19,203.5,204.5,202.5,203,16492000
2017/5/22,203.5,205,203,205,13726000
2017/5/23,205,207,204.5,205,19991000
2017/5/24,205,206,205,205.5,13380000
2017/5/25,206,207,205.5,207,22328000
2017/5/26,205,207,205,207,32514000
2017/5/31,206.5,207,203,203,67475000
2017/6/1,205,207,204.5,207,27589000
2017/6/2,208.5,209,207.5,209,22573000
2017/6/3,null,null,null,null,null
2017/6/5,209.5,212,209,212,21457000
2017/6/6,210.5,211.5,210.5,210.5,14912000
2017/6/7,212,212.5,210,211.5,29514000
2017/6/8,212,213,211.5,213,18437000
2017/6/9,214.5,215,212,212,31774000
2017/6/12,207,210,207,207.5,58256000
2017/6/13,207,208.5,206.5,208,43566000
2017/6/14,208.5,209.5,206,207,36293000
2017/6/15,207.5,208,207,208,17748000
2017/6/16,207.5,212,207,211.5,32816000
2017/6/19,211,213,210.5,213,15632000
2017/6/20,215,218,214.5,216.5,28630000
2017/6/21,216,217,214.5,215.5,44789000
2017/6/22,217,218,216.5,218,24139000
2017/6/23,218,218.5,217,217,39621000
2017/6/26,212,215,212,215,58686000
2017/6/27,214,214,211,211.5,43269000
2017/6/28,209.5,210,208,208.5,48568000
2017/6/29,210.5,210.5,208.5,210,26019000
2017/6/30,206.5,208.5,206.5,208.5,30867000
2017/7/3,207.5,209,207,209,19027000
2017/7/4,208,208.5,207,207,21132000
2017/7/5,207,208.5,206.5,208.5,23276000
2017/7/6,208,208.5,207,207.5,15242000
2017/7/7,207,207.5,205.5,206,20655000
2017/7/10,206.5,207,206,206,13292000
2017/7/11,208,212,207.5,212,33265000
2017/7/12,211,212.5,210.5,210.5,26426000
2017/7/13,212,216,211.5,214.5,50090000
2017/7/14,213,214.5,212,213,22335000
2017/7/17,215,215.5,211.5,213,21372000
2017/7/18,213,214,212,214,18613000
2017/7/19,212.5,215,212.5,214.5,20637000
2017/7/20,215,215.5,214,215.5,20770000
2017/7/21,214,215,213.5,214,15032000
2017/7/24,213.5,214.5,213,214.5,19972000
2017/7/25,214,214.5,213.5,214,13344000
2017/7/26,215,215,212.5,213,14684000
2017/7/27,213.5,216,213.5,215.5,23013000
2017/7/28,213,214,212.5,213,19724000
2017/7/31,211.5,214.5,211.5,214.5,19993000
2017/8/1,212.5,214,212,212,19704000
2017/8/2,214,216,214,216,27320000
2017/8/3,213,214,212.5,213.5,25694000
2017/8/4,213.5,214,212.5,213,21831000
2017/8/7,213.5,216.5,213.5,216,21564000
2017/8/8,217.5,219,216,217.5,25122000
2017/8/9,215,215.5,213.5,214.5,28050000
2017/8/10,215.5,215.5,212.5,214,26273000
2017/8/11,211,213.5,210.5,212.5,41417000
2017/8/14,213.5,214,210,211,29299000
2017/8/15,213,214.5,213,214,13512000
2017/8/16,214.5,214.5,211,213,25176000
2017/8/17,213.5,214,213,214,8334000
2017/8/18,212,213,211,212.5,13711000
2017/8/21,212.5,213,211.5,211.5,11882499
2017/8/22,213.5,214.5,213,214.5,14211415
2017/8/23,215.5,216,214,215.5,11589917
2017/8/24,216,217,215.5,217,15224842
2017/8/25,217.5,217.5,216,217.5,10125387
2017/8/28,215,216.5,215,216,15236159
2017/8/29,216,216,215,216,16160161
2017/8/30,216,218,216,217.5,19674310
2017/8/31,217.5,218,215.5,216.5,26434202
2017/9/1,215,217.5,215,216.5,17805405
2017/9/4,216.5,218,215.5,217.5,15023185
2017/9/5,218,218,216.5,218,17357347
2017/9/6,216.5,218,216,217,16012662
2017/9/7,218,218.5,216,217,19135540
2017/9/8,217,218,216.5,218,25512045
2017/9/11,219,219.5,216.5,217,19026886
2017/9/12,219,219.5,217.5,219,21588321
2017/9/13,217.5,219,217.5,218,17555541
2017/9/14,218.5,219,217.5,218.5,18315567
2017/9/15,218.5,219,217,218.5,44551103
2017/9/18,219,220,218,219.5,17654705
2017/9/19,221.5,221.5,220,221.5,23410233
2017/9/20,221,222,220,221.5,20320237
2017/9/21,221,223,220,221,18645565
2017/9/22,221.5,222,218.5,218.5,21557370
2017/9/25,217.5,218.5,217,217,16876286
2017/9/26,217.5,218,214,214,23070901
2017/9/27,217.5,217.5,215,215,22590510
2017/9/28,215,216,213.5,214,31616062
2017/9/29,216,217.5,215.5,216.5,21380708
2017/10/2,219.5,220.5,218.5,220.5,27983551
2017/10/3,219,223,219,222.5,36679938
2017/10/5,222,225.5,222,224.5,23349939
2017/10/6,225,225.5,223.5,224.5,15642516
2017/10/11,226.5,233.5,226.5,233,63667562
2017/10/12,235,237.5,234.5,237.5,42390186
2017/10/13,237.5,237.5,234.5,237.5,23145071
2017/10/16,237.5,238,236,238,19964072
2017/10/17,238,238,235,235.5,17652304
2017/10/18,239.5,239.5,237,237.5,28886850
2017/10/19,239.5,241.5,239,239,23481776
2017/10/20,238,239.5,237.5,237.5,24722035
2017/10/23,239,240,238.5,239,15772559
2017/10/24,240,240,238,238,14975093
2017/10/25,238.5,239,237.5,238,16880187
2017/10/26,237,238,236,236,12959717
2017/10/27,237.5,240,237.5,239,17773541
2017/10/30,242,245,241.5,243,27784990
2017/10/31,243.5,245,241.5,243,22582013
2017/11/1,243.5,245,241.5,242.5,20389054
2017/11/2,242,242.5,240.5,241,15810342
2017/11/3,240.5,241,238.5,239,16528682
2017/11/6,243.5,244,239,239.5,21029415
2017/11/7,242,244,241.5,244,20200261
2017/11/8,243,243.5,242,242.5,14129103
2017/11/9,240.5,243,240,241,20313949
2017/11/10,240,242,239.5,240.5,14121296
2017/11/13,240,241.5,239.5,239.5,12087858
2017/11/14,241,241,239,240,16880176
2017/11/15,239,239.5,236,237.5,28720308
2017/11/16,238,240,237.5,238,16487172
2017/11/17,240.5,242.5,240.5,241.5,18676825
2017/11/20,241,241.5,238,238.5,16265271
2017/11/21,240,243,239.5,243,20513024
2017/11/22,244.5,244.5,242,242,26626431
2017/11/23,242,243.5,241.5,242.5,9346763
2017/11/24,242,244.5,241.5,244,11154453
2017/11/27,240,240,237,237,32247324
2017/11/28,234.5,235,233,234,44803178
2017/11/29,235,236,234.5,234.5,25762797
2017/11/30,226.5,230.5,226,226,109231770
2017/12/1,228.5,233.5,227.5,231,37446265
2017/12/4,232.5,234.5,231,234,21635032
2017/12/5,231,231,228.5,229.5,29664765
2017/12/6,228,229.5,226.5,227,32371690
2017/12/7,226.5,226.5,222.5,226.5,41343903
2017/12/8,231,231,224.5,227,37959260
2017/12/11,228.5,229,227,227.5,20649609
2017/12/12,229.5,229.5,225,227.5,21796584
2017/12/13,227.5,228,226.5,227,17920331
2017/12/14,228,230.5,227.5,230.5,17193313
2017/12/15,228.5,230,226.5,230,42625779
2017/12/18,227,228,226.5,227,14564664
2017/12/19,226.5,228.5,224,225,25714129
2017/12/20,225,225.5,223.5,224.5,26289333
2017/12/21,226.5,227,224.5,225,18558164
2017/12/22,225,227.5,224,227.5,19036483
2017/12/25,228,229.5,226.5,228.5,4579675
2017/12/26,229,229,225,226,13755843
2017/12/27,225,226,225,225,12515245
2017/12/28,226.5,228,225,226,24304371
2017/12/29,227.5,230,226.5,229.5,25007443
2018/1/2,231.5,232.5,231,232.5,18055269
2018/1/3,236,238,235.5,237,29308091
2018/1/4,240,240,236.5,239.5,29096613
2018/1/5,240,240,238,240,22438255
2018/1/8,242,242.5,240.5,242,20233692
2018/1/9,242,242,239.5,242,19043123
2018/1/10,241.5,242,236,236.5,23631220
2018/1/11,235,236,232.5,235,30446338
2018/1/12,234.5,238,233.5,237,21513291
2018/1/15,240,240,238,240,27476533
2018/1/16,240,240.5,238,240.5,21691632
2018/1/17,240.5,243,239,242,38046119
2018/1/18,245,250,245,248.5,49896952
2018/1/19,253.5,255.5,251.5,255.5,50549292
2018/1/22,257.5,262,257,261.5,43400509
2018/1/23,262.5,266,262.5,266,33527444
2018/1/24,263,263,256.5,258,41874813
2018/1/25,258,264,256.5,258,44643756
2018/1/26,256.5,257.5,253.5,255,39555523
2018/1/29,259,261.5,255,258.5,30071234
2018/1/30,256,257.5,252.5,253,36860591
2018/1/31,253,257.5,252,255,44136808
2018/2/1,257.5,261,257,259.5,30559457
2018/2/2,259,260,255,259.5,25707560
2018/2/5,251,254.5,250.5,253,45594379
2018/2/6,242.5,243.5,234,239,102409048
2018/2/7,245,245.5,239.5,240,80063178
2018/2/8,239.5,242,238,238.5,30989550
2018/2/9,230,233,228.5,232.5,65735265
2018/2/12,235.5,237.5,235,236.5,35635236
2018/2/21,244.5,244.5,242,242.5,71504174
2018/2/22,244,244,239,239.5,39239993
2018/2/23,241,245,241,245,26985776
2018/2/26,247,247.5,245,246.5,35901810
2018/2/27,250.5,250.5,246,246,40818119
2018/3/1,244,245,242,243,39719984
2018/3/2,240,241,238.5,240,35139170
2018/3/5,242.5,243,240.5,241.5,27337846
2018/3/6,245.5,250,245.5,250,34890780
2018/3/7,248,248.5,246,247,30391219
2018/3/8,249.5,251.5,249,249.5,20645694
2018/3/9,250,251,248.5,250.5,19831063
2018/3/12,252,255,251.5,254,24492615
2018/3/13,255.5,259,255,259,33756883
2018/3/14,256.5,257.5,255.5,257,23772838
2018/3/15,258,258,255,255,19396493
2018/3/16,253,256,249.5,255,62929326
2018/3/19,252.5,255.5,251,255,21440766
2018/3/20,253,254,251.5,253,21840151
2018/3/21,255,255,251,252.5,28976737
2018/3/22,254.5,254.5,249.5,251.5,27000668
2018/3/23,245,247,244,245,52498390
2018/3/26,241.5,244.5,241.5,243.5,36987945
2018/3/27,248,251,247,251,31008260
2018/3/28,247.5,248,244,245,29637411
2018/3/29,243,247,242.5,244,36165345
2018/3/30,247.5,249.5,246,246,16996346
2018/4/2,248.5,249,245,246.5,17696003
2018/4/3,243,244.5,242,244,35813944
2018/4/9,248,248,243.5,245,34694824
2018/4/10,244.5,249,243.5,245.5,25156994
2018/4/11,246.5,248.5,246.5,248,21607935
2018/4/12,248.5,248.5,244,245,20409657
2018/4/13,246,246,244,244.5,19742548
2018/4/16,243,244,242,243.5,18350139
2018/4/17,243,243.5,237.5,238,42756389
2018/4/18,239.5,241.5,236.5,238,42500048
2018/4/19,242,244.5,241,244.5,31901989
2018/4/20,228,231.5,228,229,128452087
2018/4/23,226.5,227.5,225,226.5,71009975
2018/4/24,225,227.5,225,227,40967892
2018/4/25,225.5,226,224,225,46771110
2018/4/26,225,225.5,221,222,48023557
2018/4/27,225,225.5,221,223.5,34174459
2018/4/30,224.5,228,222.5,227,28500789
2018/5/2,227,227.5,222.5,223,38167942
2018/5/3,221,222.5,220,220.5,31690731
2018/5/4,221,224,220.5,223,27208722
2018/5/7,225,225.5,221.5,223.5,23268759
2018/5/8,224,228.5,223.5,228,40324763
2018/5/9,228.5,232,228.5,229.5,33778934
2018/5/10,231,231.5,229,229.5,27530377
2018/5/11,232,234,230.5,233,30693910
2018/5/14,234.5,234.5,232.5,233,19921437
2018/5/15,233.5,234,229.5,230.5,23771769
2018/5/16,229.5,230.5,228.5,230.5,14409556
2018/5/17,231,231.5,226.5,226.5,26852737
2018/5/18,225.5,227.5,223.5,223.5,27664541
2018/5/21,225,230,225,229,16127815
2018/5/22,230,233.5,229,229,22355097
2018/5/23,231.5,231.5,228.5,228.5,23062899
2018/5/24,229.5,230,228.5,229,12996610
2018/5/25,228.5,229.5,228,228.5,15971294
2018/5/28,229.5,230,226.5,227,16373270
2018/5/29,226.5,226.5,223.5,225,23764776
2018/5/30,224,224,220.5,221,49163788
2018/5/31,221.5,224,220.5,224,96069458
2018/6/1,224.5,226.5,224,224,27617994
2018/6/4,227.5,229,227,229,25959480
2018/6/5,230,230,226.5,229,26534884
2018/6/6,229,230,227,230,24767441
2018/6/7,231,231.5,228,230,24958266
2018/6/8,229,229,226,227,23548851
2018/6/11,226.5,227,225,226,21696933
2018/6/12,225,229,224,229,29501260
2018/6/13,229,232,228,232,28944970
2018/6/14,230,230,226.5,226.5,33408041
2018/6/15,225,231,224,231,48059679
2018/6/19,225.5,226,224,225,56889624
2018/6/20,224.5,227.5,223.5,226,40708701
2018/6/21,227.5,228,226,226.5,31242557
2018/6/22,224.5,227.5,224,227.5,43581409
2018/6/25,220,220.5,218,218,45025211
2018/6/26,215.5,216,212.5,214.5,38446346
2018/6/27,216,216,212.5,213,39888414
2018/6/28,211,214.5,210,212,37940780
2018/6/29,212,217,212,216.5,34313680
2018/7/2,218.5,219,214,214,32449442
2018/7/3,215.5,218,213.5,214.5,28323220
2018/7/4,217,217.5,215.5,216,15212295
2018/7/5,214,215,213,214.5,18225416
2018/7/6,217.5,217.5,215,217,29033762
2018/7/9,219.5,223,218.5,221.5,38734793
2018/7/10,223,224,222,222,20118957
2018/7/11,220,220,218,220,19854690
2018/7/12,218,222,218,220.5,23666051
2018/7/13,222.5,224.5,222.5,224.5,29716311
2018/7/16,224.5,225,223.5,223.5,15819254
2018/7/17,222.5,223.5,221,221.5,21548436
2018/7/18,223,224,222,223,39898658
2018/7/19,225.5,227,224.5,224.5,39661216
2018/7/20,235,237.5,233,237.5,97969023
2018/7/23,239,245,238.5,241,52256877
2018/7/24,240,241.5,238.5,241,27239267
2018/7/25,239,241,239,240.5,20962512
2018/7/26,241,242.5,239.5,241,30606388
2018/7/27,242,244.5,241,244.5,27129646
2018/7/30,244.5,245.5,244,245.5,22788730
2018/7/31,243.5,246,242,246,27059442
2018/8/1,247,248,246.5,248,29136161
2018/8/2,249,249.5,243.5,244.5,22402110
2018/8/3,246,248,245,247,24719097
2018/8/6,245,247,244,245.5,22364568
2018/8/7,245,245.5,241.5,241.5,23992418
2018/8/8,245,247.5,244.5,247.5,24382432
2018/8/9,247,248,246,247,15128655
2018/8/10,246.5,247,244.5,245,15890492
2018/8/13,241.5,243,239,240.5,17881194
2018/8/14,245,245,242.5,243.5,17358913
2018/8/15,244.5,244.5,239.5,241.5,18473321
2018/8/16,238,241.5,238,239,19155966
2018/8/17,239.5,241,239,239.5,18324474
2018/8/20,239.5,240,238,239.5,16933437
2018/8/21,239,241,238.5,241,12014127
2018/8/22,241.5,242.5,240.5,242,12614240
2018/8/23,243,244.5,243,244.5,14839240
2018/8/24,245.5,246,243,243.5,14355943
2018/8/27,246,246.5,244.5,245,15152299
2018/8/28,248.5,250,248,249.5,36792531
2018/8/29,253.5,259,253.5,259,56993182
2018/8/30,264.5,268,262.5,263.5,48957808
2018/8/31,257.5,259,254,256,69069506
2018/9/3,259,260,256.5,257,26720905
2018/9/4,258.5,259.5,255.5,257.5,34304615
2018/9/5,260,264.5,259,264,44864459
2018/9/6,268,268,261,261,35698488
2018/9/7,263,264,260.5,264,38663728
2018/9/10,266.5,266.5,262.5,264.5,41659795
2018/9/11,263,263.5,258,260,34350276
2018/9/12,261,262,258,260.5,37885965
2018/9/13,260,260,253.5,255,37576180
2018/9/14,257,261.5,257,261,37903219
2018/9/17,262.5,262.5,257,258,24765758
2018/9/18,256.5,257,254,254.5,33960152
2018/9/19,258,260,257,258,59227711
2018/9/20,261.5,261.5,257.5,260,29649071
2018/9/21,261.5,261.5,258,261.5,35012974
2018/9/25,261.5,264,260.5,263.5,24397062
2018/9/26,263,263.5,261,263.5,24859115
2018/9/27,264,266,262,265,38495371
2018/9/28,266,266,260,262.5,39626486
2018/10/1,262,264,261,263,22254380
2018/10/2,262,263,257,257.5,38391491
2018/10/3,257.5,260,257,260,25228536
2018/10/4,257,257.5,254,254,36408727
2018/10/5,250,253,248.5,250,40204660
2018/10/8,245.5,246.5,241,243.5,50876958
2018/10/9,243.5,245,242,244,28905345
2018/10/11,233.5,233.5,227,227.5,94589657
2018/10/12,231,237,229,237,47175769
2018/10/15,234,234,230.5,230.5,42168280
2018/10/16,229.5,237,229,237,37818077
2018/10/17,241.5,243,238,238.5,42494858
2018/10/18,238,239,235.5,236.5,25676430
2018/10/19,231,236.5,230,236,28358460
2018/10/22,232.5,238,231.5,237,29275777
2018/10/23,232,234,230,230,32827745
2018/10/24,230,231,227,229.5,44321950
2018/10/25,220.5,222,219.5,219.5,75524118
2018/10/26,223,224,217,221,38439644
2018/10/29,223,224,221,222.5,18463792
2018/10/30,221,225,220.5,223,28877931
2018/10/31,228,234,228,234,57283201
2018/11/1,236,237,233,235.5,41974797
2018/11/2,236.5,236.5,233.5,236.5,30722361
2018/11/5,233,235.5,232,235,25452065
2018/11/6,234,235.5,232.5,234.5,30468176
2018/11/7,233,236,232.5,234,34424652
2018/11/8,237.5,237.5,236,236.5,24739146
2018/11/9,234.5,234.5,231,231,23219081
2018/11/12,230,234.5,230,231.5,23228445
2018/11/13,224.5,228,224.5,227.5,36104127
2018/11/14,230,231,228.5,228.5,20028279
2018/11/15,229.5,232,228.5,231,22072228
2018/11/16,229,229,225,226,46738909
2018/11/19,225,225,221,222,48944754
2018/11/20,219,220.5,218,218,41569756
2018/11/21,214.5,220,214,219,35206343
2018/11/22,221.5,222,219,219,21929610
2018/11/23,220.5,220.5,217,218.5,14883334
2018/11/26,219,224,218.5,223,30599804
2018/11/27,220,224.5,219,224,26584349
2018/11/28,222.5,227,222,226.5,24429026
2018/11/29,231.5,231.5,229,229,44383207
2018/11/30,229.5,231,225.5,225.5,55827957
2018/12/3,231,235,231,235,45333986
2018/12/4,233,234.5,231,234,39746162
2018/12/5,226.5,227.5,225,226,42835576
2018/12/6,220,222,219.5,220,40149112
2018/12/7,222.5,223.5,220.5,221,25063568
2018/12/10,219.5,220,218.5,219,19433461
2018/12/11,220,223,219,222.5,27375220
2018/12/12,223.5,227,222.5,226.5,26433846
2018/12/13,227,227.5,225,226,32087141
2018/12/14,223,223.5,220.5,222.5,38646159
2018/12/17,221,225,220,223.5,18938952
2018/12/18,221,223,220.5,222.5,30203541
2018/12/19,222,225.5,222,225.5,23390082
2018/12/20,221,222.5,221,221,35027116
2018/12/21,219,224,219,223.5,43507532
2018/12/24,221.5,221.5,219.5,220,22976100
2018/12/25,215.5,218,215,217.5,19402777
2018/12/26,218.5,219.5,216,216.5,16463259
2018/12/27,222,224,220.5,223,21491484
2018/12/28,223.5,225.5,222.5,225.5,29456773
2019/1/2,226.5,226.5,219,219.5,32900482
2019/1/3,214,218,214,215.5,34087620
2019/1/4,211.5,211.5,206.5,208,65943521
2019/1/7,212,214,211,213,35442176
2019/1/8,212,212.5,210,211,22694481
2019/1/9,212,216.5,211,215.5,46295446
2019/1/10,216,216.5,214.5,216,20754593
2019/1/11,219,220.5,218,220.5,28102288
2019/1/14,218.5,220,217,218.5,17612296
2019/1/15,216.5,221,215.5,221,38882923
2019/1/16,218.5,220,217.5,217.5,28978282
2019/1/17,218,221,218,220.5,21163986
2019/1/18,219,220,217.5,218.5,49627569
2019/1/21,220,223,220,221,29384866
2019/1/22,220,223,219,223,28926483
2019/1/23,221.5,222,220,220.5,16671213
2019/1/24,222.5,222.5,220.5,222.5,26417924
2019/1/25,226.5,227,225,226,46692764
2019/1/28,229.5,229.5,228,229,26026257
2019/1/29,222.5,225,222,222.5,41122520
2019/1/30,220.5,221.5,220,221,44755945
2019/2/11,228,229,226.5,228,78307106
2019/2/12,230,230,229,230,29406670
2019/2/13,232,232,228.5,229,28634925
2019/2/14,229.5,230,226,227,23647751
2019/2/15,229,229,226.5,227,22369799
2019/2/18,229,230.5,228.5,230,16978916
2019/2/19,230,230.5,229,229,16577023
2019/2/20,231.5,234.5,231,234.5,30479710
2019/2/21,235.5,236.5,234.5,236.5,33764489
2019/2/22,235.5,236.5,234,236.5,22032163
2019/2/25,237.5,239,236,238,24105138
2019/2/26,239,240,236.5,239.5,24522789
2019/2/27,238.5,239.5,237,239,35240889
2019/3/4,239.5,239.5,234.5,235.5,39655513
2019/3/5,234,234.5,232.5,233,22641407
2019/3/6,235,235.5,233.5,234,20433226
2019/3/7,235,235,233,234,17126192
2019/3/8,231,231.5,229,230,22190659
2019/3/11,228,230.5,227.5,230.5,23200793
2019/3/12,233,237,232.5,235.5,23588085
2019/3/13,234,237,234,237,20500195
2019/3/14,239,239,234,234.5,17175356
2019/3/15,237,239.5,235.5,239,33649729
2019/3/18,239.5,241,239,241,26856532
2019/3/19,239,240.5,238,240.5,14479009
2019/3/20,242,242,239.5,242,22975971
2019/3/21,242.5,245.5,241,245.5,26179502
2019/3/22,248,248.5,244.5,248.5,22931467
2019/3/25,240.5,243.5,240.5,241.5,19211254
2019/3/26,243,244,241,244,19920170
2019/3/27,242,242.5,240.5,241.5,22590089
2019/3/28,240.5,242.5,240,242,13933054
2019/3/29,243,245.5,240.5,245.5,28220810
2019/4/1,251,251,245,245.5,35330656
2019/4/2,249.5,249.5,246,246,24105053
2019/4/3,249,249,246.5,246.5,24945323
2019/4/8,251,253,250.5,253,45184821
2019/4/9,253,254,252,254,22355674
2019/4/10,253,254.5,252,254,25849934
2019/4/11,253,254,251.5,252,24896840
2019/4/12,251.5,253,251,252,13548148
2019/4/15,255,256,254,255.5,17192002
2019/4/16,257,257,255.5,257,19652648
2019/4/17,260,263,259.5,261.5,37864191
2019/4/18,264,266,263.5,264.5,38006795
2019/4/19,269,269.5,263.5,264.5,44658699
2019/4/22,266.5,267.5,265,266,24967393
2019/4/23,266.5,268,266,268,25336847
2019/4/24,270,270,267.5,269,26449755
2019/4/25,268.5,269,267,267.5,32386724
2019/4/26,262,263,257.5,260,47518804
2019/4/29,260,262,258.5,259.5,31126618
2019/4/30,260,260.5,258,259,33799419
2019/5/2,261.5,262.5,258.5,259,27091394
2019/5/3,262,265,260.5,265,29840246
2019/5/6,260,260,258,259,32823187
2019/5/7,259.5,263,259,262.5,25686126
2019/5/8,260,261.5,259.5,260,25542364
2019/5/9,259.5,259.5,256,256.5,33587574
2019/5/10,257,259,255,256,18617212
2019/5/13,253,254,249.5,250.5,28284535
2019/5/14,247.5,251,245,248.5,45055708
2019/5/15,251,252,249,249,36825479
2019/5/16,248.5,249.5,246,247,29713519
2019/5/17,249,249,241.5,241.5,38647856
2019/5/20,242.5,243,238,238,39157661
2019/5/21,233.5,236,232.5,234,80042775
2019/5/22,236.5,240.5,235.5,238,34622034
2019/5/23,233.5,233.5,230,230,58752627
2019/5/24,230,234,230,233,36000789
2019/5/27,234,235,231,231,35562033
2019/5/28,232,232,230.5,230.5,95240033
2019/5/29,228,230.5,227,229.5,26533236
2019/5/30,230,231.5,229,231,28500328
2019/5/31,232,237.5,231,235.5,46070338
2019/6/3,235.5,238.5,232,238,31054092
2019/6/4,237.5,238,233,233,24443428
2019/6/5,238,238,234,235,29139584
2019/6/6,231.5,232,229.5,232,34651731
2019/6/10,237.5,240,234.5,240,35373888
2019/6/11,240,246,239,244.5,31965670
2019/6/12,244.5,247.5,243,246,29675556
2019/6/13,242.5,244,240,240,32981724
2019/6/14,238.5,239.5,236,236,31951556
2019/6/17,231.5,235,230.5,233,51017012
2019/6/18,234,235.5,233,235.5,28578087
2019/6/19,242.5,244,240.5,244,50164372
2019/6/20,242,245.5,241,245,37836291
2019/6/21,248,248.5,246,248.5,61164304
2019/6/24,241,242,240,241,43300507
2019/6/25,241,241.5,237,238.5,28559283
2019/6/26,235,236.5,234,234.5,27607041
2019/6/27,236,241.5,236,240.5,42007834
2019/6/28,241.5,241.5,238,239,25962203
2019/7/1,245.5,250,245,248.5,66307875
2019/7/2,249.5,250,247.5,249,24181202
2019/7/3,244,245,242,242.5,29449774
2019/7/4,244.5,245,242.5,244,17481240
2019/7/5,244.5,245,241.5,243,22867074
2019/7/8,240,244.5,240,242.5,27787909
2019/7/9,241.5,243,240.5,242,16418987
2019/7/10,243,247,243,247,23812131
2019/7/11,250,250,247.5,250,31160289
2019/7/12,252,252,249.5,250.5,23479432
2019/7/15,251,254.5,249.5,254.5,29727300
2019/7/16,254,256.5,253.5,256,21361249
2019/7/17,254,254,251,252,25573648
2019/7/18,252,254.5,251.5,254,20842575
2019/7/19,259.5,261,259,259,59709798
2019/7/22,263,264,262,264,31522639
2019/7/23,265.5,266.5,262.5,264,29273223
2019/7/24,266.5,266.5,263,265,23734039
2019/7/25,264,265,261.5,265,30433545
2019/7/26,261,262.5,261,261,20438071
2019/7/29,260,262,259.5,261,17509320
2019/7/30,262.5,263,260,260,22670612
2019/7/31,260,260,257,259.5,31635601
2019/8/1,257.5,257.5,255.5,256.5,30017526
2019/8/2,252,253.5,250.5,251.5,54021644
2019/8/5,251,252,245.5,246.5,51535721
2019/8/6,240,250,240,248.5,58625879
2019/8/7,250,250.5,246.5,248,29435460
2019/8/8,248,254,248,253.5,29725266
2019/8/12,254.5,254.5,251,251,21794603
2019/8/13,249,249.5,246.5,246.5,23121107
2019/8/14,252.5,254,249.5,249.5,35216703
2019/8/15,247,248.5,246,248,27624412
2019/8/16,249.5,252,248,250,25370715
2019/8/19,251.5,253,250.5,252,24060514
2019/8/20,254,254.5,252.5,254.5,19960494
2019/8/21,254.5,255,253,254.5,20269296
2019/8/22,257,257.5,254,254,21900840
2019/8/23,253.5,254.5,253,254,14166877
2019/8/26,249,250.5,248.5,248.5,31678620
2019/8/27,250.5,251,248.5,250,50234951
2019/8/28,250.5,253,250.5,252,15132882
2019/8/29,253,254,251,254,19587767
2019/8/30,256.5,259,256,259,35184201
2019/9/2,258,258,256,257.5,14614854
2019/9/3,256.5,258,253,254,25762495
2019/9/4,254,258,254,257.5,22540733
2019/9/5,263,263,260.5,263,48791728
2019/9/6,265,265,263,263.5,25408515
2019/9/10,263.5,264,260.5,261.5,29308866
2019/9/11,264,264.5,260.5,263,36196015
2019/9/12,265,265,261.5,262.5,26017293
2019/9/16,262,265.5,261.5,265.5,32573966
2019/9/17,266.5,266.5,264.5,265,27600844
2019/9/18,267,269.5,266.5,267,47684759
2019/9/19,268,268,264,265,25233567
2019/9/20,266,266.5,264,264,43868865
2019/9/23,264,264,263,264,13093208
2019/9/24,263.5,265.5,262,265,24244943
2019/9/25,262.5,266,262,266,21003163
2019/9/26,269,269.5,266.5,268,29940103
2019/9/27,271.5,272.5,271,272,41235817
2019/10/1,273,280.5,273,280,71743890
2019/10/2,280,281,279,279.5,29295953
2019/10/3,274,277.5,274,276.5,31890864
2019/10/4,279.5,280,275,276.5,35169613
2019/10/7,279,279.5,277.5,278,17510230
2019/10/8,283.5,286.5,282.5,286.5,35278551
2019/10/9,283.5,286,282,282,34777456
2019/10/14,291.5,291.5,288.5,290,46683517
2019/10/15,293.5,296,292,293.5,38018567
2019/10/16,298,298,293.5,296.5,40297144
2019/10/17,295,295.5,292,293.5,40271938
2019/10/18,293,295.5,291,293,45102984
2019/10/21,291,291,288.5,290,34634365
2019/10/22,292.5,294,291.5,294,26005020
2019/10/23,293.5,293.5,290.5,293,28675408
2019/10/24,294.5,294.5,291,293,29040827
2019/10/25,294.5,294.5,292.5,293.5,22682711
2019/10/28,295,295.5,294,294.5,20076561
2019/10/29,297,298.5,296.5,298.5,36682131
2019/10/30,298.5,299.5,296.5,299.5,32370342
2019/10/31,300,301.5,298.5,298.5,40944514
2019/11/1,299.5,299.5,296.5,299,30121678
2019/11/4,302.5,308,301,307,44899671
2019/11/5,307.5,310.5,307,310.5,32201184
2019/11/6,309,311.5,308,311,22149743
2019/11/7,310,310,306.5,309,28291659
2019/11/8,308.5,309,305.5,305.5,25651542
2019/11/11,305,305,300,301,35165583
2019/11/12,302.5,305,302,305,17540708
2019/11/13,303,304,301.5,304,18172438
2019/11/14,304.5,305,302,303.5,15734835
2019/11/15,305.5,307.5,304.5,307,28848445
2019/11/18,308.5,311,307,311,18691325
2019/11/19,312.5,315,311,315,31634197
2019/11/20,314,314,312,313.5,22387973
2019/11/21,309.5,311,307,311,28108833
2019/11/22,310,310.5,308,309,24737984
2019/11/25,310.5,310.5,307,307,19530177
2019/11/26,310,310.5,307,307,101224622
2019/11/27,307.5,311.5,307.5,311,18467648
2019/11/28,310,312,308.5,309.5,19077982
2019/11/29,309,309.5,305,305,30963561
2019/12/2,307,308,306.5,307.5,24016807
2019/12/3,305,307,305,307,24690319
2019/12/4,305,306,304,306,25492686
2019/12/5,309,312,309,312,34521842
2019/12/6,315,316,311,313,17695703
2019/12/9,314,316.5,314,316,23256081
2019/12/10,315,315.5,312.5,313.5,20570594
2019/12/11,314,319,313,319,31223148
2019/12/12,325,334.5,324,331.5,52742851
2019/12/13,340,343,338,339,58198939
2019/12/16,336.5,338.5,336,336,102188
2019/12/17,335,345,335,345,40813458
2019/12/18,341.5,345,341.5,344.5,39682841
2019/12/19,340,342,335,335,54888012
2019/12/20,332,333,328.5,329,86280459
2019/12/23,329.5,334,329.5,334,26639340
2019/12/24,334,334.5,332,332,13488907
2019/12/25,332,334.5,331,333,12262954
2019/12/26,333,334,331.5,333,11427884
2019/12/27,335,338,335,338,16677806
2019/12/30,338,339,334,334.5,21531263
2019/12/31,331,333.5,331,331,22890517
2020/1/2,332.5,339,332.5,339,31754120
2020/1/3,344,345,335.5,339.5,41811268
2020/1/6,333,334.5,332,332,45343057
2020/1/7,332.5,333,326.5,329.5,50879181
2020/1/8,325,333,325,329.5,37567748
2020/1/9,335,337.5,333.5,337.5,31481504
2020/1/10,340.5,341,336,339.5,27032115
2020/1/13,342,342,339,341.5,30663332
2020/1/14,345.5,346,344.5,346,30223993
2020/1/15,345,345,337.5,340,47434274
2020/1/16,330,336.5,330,334.5,55211420
2020/1/17,334,335.5,332,333,52060097
2020/1/20,334,335.5,333,333,32658203
2020/1/30,326,326,316.5,316.5,125451049
2020/1/31,323,323.5,319,320,62526055
2020/2/3,315,316.5,312,315,59560849
2020/2/4,336.5,337,325,325,51890496
2020/2/5,329,329.5,324.5,327.5,36601453
2020/2/6,329.5,332.5,329,332.5,29267094
2020/2/7,330,330.5,326,328,28798327
2020/2/10,321.5,328,321,327.5,30632424
2020/2/11,330.5,332.5,330,331.5,27524935
2020/2/12,333.5,336,333,335,37612639
2020/2/13,338,338,335,335,22757021
2020/2/14,337,337,334.5,335,16933683
2020/2/17,331.5,333,330.5,331.5,15937079
2020/2/18,324.5,326.5,322,322,61825604
2020/2/19,322.5,327,322,326.5,38781218
2020/2/20,328,329,325,325.5,27011736
2020/2/21,325.5,326.5,323,325,22813534
2020/2/24,319.5,321.5,319.5,320,41693680
2020/2/25,320,323.5,317.5,322,36195011
2020/2/26,317,320.5,316.5,318.5,60479362
2020/2/27,319,320,315,316,61250927
2020/3/2,308,317,308,311,79912942
2020/3/3,318.5,320,316,317.5,49679411
2020/3/4,322,322,317,320.5,42941146
2020/3/5,325,326,323,323,37861525
2020/3/6,320,320.5,315,315,51546760
2020/3/9,307.5,310,305.5,305.5,87871277
2020/3/10,301.5,309,301,307,71950130
2020/3/11,309,310.5,302,302,62216710
2020/3/12,299,299,287,294,113527351
2020/3/13,275,294,272.5,290,149995148
2020/3/16,285,291,275.5,276.5,103873228
2020/3/17,265,276.5,265,268,121323651
2020/3/18,269.5,272.5,260,260,117437643
2020/3/19,252,253,235.5,248,160811697
2020/3/20,258.5,270,256,270,157664726
2020/3/23,257,262.5,252,255,76466709
2020/3/24,268,274,266,267.5,81952933
2020/3/25,276.5,280,274,277,79447199
2020/3/26,279.5,280,275.5,280,52845633
2020/3/27,284,286,273,273,68752306
2020/3/30,263.5,269,262.5,267.5,49159956
2020/3/31,273,274,269.5,274,48837923
2020/4/1,276.5,276.5,271.5,271.5,44515034
2020/4/6,273,275.5,270,275.5,56392754
2020/4/7,283.5,284,280.5,283,48787346
2020/4/8,285,285.5,283,285,37912826
2020/4/9,287.5,288,282.5,283,27620430
2020/4/10,280,282,279,279.5,27252858
2020/4/13,278.5,281.5,278.5,278.5,22196596
2020/4/14,281,285.5,280,285,48809688
2020/4/15,287,288.5,286,287.5,55216434
2020/4/16,283,288.5,283,286.5,47815280
2020/4/17,303.5,308.5,300.5,306.5,116368201
2020/4/20,308,309,302.5,304,41381669
2020/4/21,300.5,301.5,293.5,295,61479357
2020/4/22,294.5,295,290.5,294,42192580
2020/4/23,300,300,294,295.5,39474478
2020/4/24,295.5,297,294,294,26008090
2020/4/27,298,298.5,296,298,38493406
2020/4/28,298.5,298.5,294.5,296.5,37395165
2020/4/29,299,301.5,298,299,44059301
2020/4/30,302,305,301.5,304.5,55126085
